task_id,developer,task_name,relative_file_path,canonical_repo_path,task_dir_sha,source_branch,verdict
fan/coupon-manager,fan,coupon-manager,docs/agent_system_prompt.md,tasks/finalpool/fan/coupon-manager/docs/agent_system_prompt.md,7b3b4e6ec7cef1e2e0ead3704a38a059a2f626b3,finalpool,E0
fan/coupon-manager,fan,coupon-manager,docs/task.md,tasks/finalpool/fan/coupon-manager/docs/task.md,7b3b4e6ec7cef1e2e0ead3704a38a059a2f626b3,finalpool,E0
fan/coupon-manager,fan,coupon-manager,evaluation/main.py,tasks/finalpool/fan/coupon-manager/evaluation/main.py,7b3b4e6ec7cef1e2e0ead3704a38a059a2f626b3,finalpool,E0
fan/coupon-manager,fan,coupon-manager,groundtruth_workspace/readme.txt,tasks/finalpool/fan/coupon-manager/groundtruth_workspace/readme.txt,7b3b4e6ec7cef1e2e0ead3704a38a059a2f626b3,finalpool,E0
fan/loyalty-program,fan,loyalty-program,docs/agent_system_prompt.md,tasks/finalpool/fan/loyalty-program/docs/agent_system_prompt.md,bac1dd0f5b2636ae564f605f31f599f8fceac74a,finalpool,E0
fan/loyalty-program,fan,loyalty-program,docs/task.md,tasks/finalpool/fan/loyalty-program/docs/task.md,bac1dd0f5b2636ae564f605f31f599f8fceac74a,finalpool,E0
fan/loyalty-program,fan,loyalty-program,evaluation/main.py,tasks/finalpool/fan/loyalty-program/evaluation/main.py,bac1dd0f5b2636ae564f605f31f599f8fceac74a,finalpool,E0
fan/loyalty-program,fan,loyalty-program,groundtruth_workspace/readme.txt,tasks/finalpool/fan/loyalty-program/groundtruth_workspace/readme.txt,bac1dd0f5b2636ae564f605f31f599f8fceac74a,finalpool,E0
fan/price-tracker,fan,price-tracker,docs/agent_system_prompt.md,tasks/finalpool/fan/price-tracker/docs/agent_system_prompt.md,709f2e592b56aa2303902434c4a44bc1332eb260,finalpool,E0
fan/price-tracker,fan,price-tracker,docs/task.md,tasks/finalpool/fan/price-tracker/docs/task.md,709f2e592b56aa2303902434c4a44bc1332eb260,finalpool,E0
fan/price-tracker,fan,price-tracker,evaluation/main.py,tasks/finalpool/fan/price-tracker/evaluation/main.py,709f2e592b56aa2303902434c4a44bc1332eb260,finalpool,E0
fan/price-tracker,fan,price-tracker,groundtruth_workspace/readme.txt,tasks/finalpool/fan/price-tracker/groundtruth_workspace/readme.txt,709f2e592b56aa2303902434c4a44bc1332eb260,finalpool,E0
fan/product-comparator,fan,product-comparator,docs/agent_system_prompt.md,tasks/finalpool/fan/product-comparator/docs/agent_system_prompt.md,fe57b2e68ae50a783a062266add6cd1e6cc56777,finalpool,E0
fan/product-comparator,fan,product-comparator,docs/task.md,tasks/finalpool/fan/product-comparator/docs/task.md,fe57b2e68ae50a783a062266add6cd1e6cc56777,finalpool,E0
fan/product-comparator,fan,product-comparator,evaluation/main.py,tasks/finalpool/fan/product-comparator/evaluation/main.py,fe57b2e68ae50a783a062266add6cd1e6cc56777,finalpool,E0
fan/product-comparator,fan,product-comparator,groundtruth_workspace/readme.txt,tasks/finalpool/fan/product-comparator/groundtruth_workspace/readme.txt,fe57b2e68ae50a783a062266add6cd1e6cc56777,finalpool,E0
gyy/blog-engine,gyy,blog-engine,docs/agent_system_prompt.md,tasks/finalpool/gyy/blog-engine/docs/agent_system_prompt.md,72c36894c3b6d27ca170136655df8a43dc7052e4,finalpool,E0
gyy/blog-engine,gyy,blog-engine,docs/task.md,tasks/finalpool/gyy/blog-engine/docs/task.md,72c36894c3b6d27ca170136655df8a43dc7052e4,finalpool,E0
gyy/blog-engine,gyy,blog-engine,evaluation/main.py,tasks/finalpool/gyy/blog-engine/evaluation/main.py,72c36894c3b6d27ca170136655df8a43dc7052e4,finalpool,E0
gyy/blog-engine,gyy,blog-engine,groundtruth_workspace/readme.txt,tasks/finalpool/gyy/blog-engine/groundtruth_workspace/readme.txt,72c36894c3b6d27ca170136655df8a43dc7052e4,finalpool,E0
gyy/cms-builder,gyy,cms-builder,docs/agent_system_prompt.md,tasks/finalpool/gyy/cms-builder/docs/agent_system_prompt.md,7c5a69060ca0bbb42ec78e102f423bb9c011b4d2,finalpool,E0
gyy/cms-builder,gyy,cms-builder,docs/task.md,tasks/finalpool/gyy/cms-builder/docs/task.md,7c5a69060ca0bbb42ec78e102f423bb9c011b4d2,finalpool,E0
gyy/cms-builder,gyy,cms-builder,evaluation/main.py,tasks/finalpool/gyy/cms-builder/evaluation/main.py,7c5a69060ca0bbb42ec78e102f423bb9c011b4d2,finalpool,E0
gyy/cms-builder,gyy,cms-builder,groundtruth_workspace/readme.txt,tasks/finalpool/gyy/cms-builder/groundtruth_workspace/readme.txt,7c5a69060ca0bbb42ec78e102f423bb9c011b4d2,finalpool,E0
gyy/comment-moderator,gyy,comment-moderator,docs/agent_system_prompt.md,tasks/finalpool/gyy/comment-moderator/docs/agent_system_prompt.md,80867af2eef3da44471736549ff92336ed1a2489,finalpool,E0
gyy/comment-moderator,gyy,comment-moderator,docs/task.md,tasks/finalpool/gyy/comment-moderator/docs/task.md,80867af2eef3da44471736549ff92336ed1a2489,finalpool,E0
gyy/comment-moderator,gyy,comment-moderator,evaluation/main.py,tasks/finalpool/gyy/comment-moderator/evaluation/main.py,80867af2eef3da44471736549ff92336ed1a2489,finalpool,E0
gyy/comment-moderator,gyy,comment-moderator,groundtruth_workspace/readme.txt,tasks/finalpool/gyy/comment-moderator/groundtruth_workspace/readme.txt,80867af2eef3da44471736549ff92336ed1a2489,finalpool,E0
gyy/robots-handler,gyy,robots-handler,docs/agent_system_prompt.md,tasks/finalpool/gyy/robots-handler/docs/agent_system_prompt.md,0e490b5ae2cc6161d071edff9c96f8dab3d65d36,finalpool,E0
gyy/robots-handler,gyy,robots-handler,docs/task.md,tasks/finalpool/gyy/robots-handler/docs/task.md,0e490b5ae2cc6161d071edff9c96f8dab3d65d36,finalpool,E0
gyy/robots-handler,gyy,robots-handler,evaluation/main.py,tasks/finalpool/gyy/robots-handler/evaluation/main.py,0e490b5ae2cc6161d071edff9c96f8dab3d65d36,finalpool,E0
gyy/robots-handler,gyy,robots-handler,groundtruth_workspace/readme.txt,tasks/finalpool/gyy/robots-handler/groundtruth_workspace/readme.txt,0e490b5ae2cc6161d071edff9c96f8dab3d65d36,finalpool,E0
gyy/seo-optimizer,gyy,seo-optimizer,docs/agent_system_prompt.md,tasks/finalpool/gyy/seo-optimizer/docs/agent_system_prompt.md,1466e90ec519ba2be03804cc29437784b4a7b8e9,finalpool,E0
gyy/seo-optimizer,gyy,seo-optimizer,docs/task.md,tasks/finalpool/gyy/seo-optimizer/docs/task.md,1466e90ec519ba2be03804cc29437784b4a7b8e9,finalpool,E0
gyy/seo-optimizer,gyy,seo-optimizer,evaluation/main.py,tasks/finalpool/gyy/seo-optimizer/evaluation/main.py,1466e90ec519ba2be03804cc29437784b4a7b8e9,finalpool,E0
gyy/seo-optimizer,gyy,seo-optimizer,groundtruth_workspace/readme.txt,tasks/finalpool/gyy/seo-optimizer/groundtruth_workspace/readme.txt,1466e90ec519ba2be03804cc29437784b4a7b8e9,finalpool,E0
gyy/tag-manager,gyy,tag-manager,docs/agent_system_prompt.md,tasks/finalpool/gyy/tag-manager/docs/agent_system_prompt.md,560a7022194b2102bce6db749b4fcaeb1c2d7c93,finalpool,E0
gyy/tag-manager,gyy,tag-manager,docs/task.md,tasks/finalpool/gyy/tag-manager/docs/task.md,560a7022194b2102bce6db749b4fcaeb1c2d7c93,finalpool,E0
gyy/tag-manager,gyy,tag-manager,evaluation/main.py,tasks/finalpool/gyy/tag-manager/evaluation/main.py,560a7022194b2102bce6db749b4fcaeb1c2d7c93,finalpool,E0
gyy/tag-manager,gyy,tag-manager,groundtruth_workspace/readme.txt,tasks/finalpool/gyy/tag-manager/groundtruth_workspace/readme.txt,560a7022194b2102bce6db749b4fcaeb1c2d7c93,finalpool,E0
haoze/audio-converter,haoze,audio-converter,docs/agent_system_prompt.md,tasks/finalpool/haoze/audio-converter/docs/agent_system_prompt.md,59ea581543df3aafe61f36bcb8bd47f68351419a,finalpool,E0
haoze/audio-converter,haoze,audio-converter,docs/task.md,tasks/finalpool/haoze/audio-converter/docs/task.md,59ea581543df3aafe61f36bcb8bd47f68351419a,finalpool,E0
haoze/audio-converter,haoze,audio-converter,evaluation/main.py,tasks/finalpool/haoze/audio-converter/evaluation/main.py,59ea581543df3aafe61f36bcb8bd47f68351419a,finalpool,E0
haoze/audio-converter,haoze,audio-converter,groundtruth_workspace/readme.txt,tasks/finalpool/haoze/audio-converter/groundtruth_workspace/readme.txt,59ea581543df3aafe61f36bcb8bd47f68351419a,finalpool,E0
haoze/media-organizer,haoze,media-organizer,docs/agent_system_prompt.md,tasks/finalpool/haoze/media-organizer/docs/agent_system_prompt.md,10df01100a9dde3164b8ed254d5225709ce26226,finalpool,E0
haoze/media-organizer,haoze,media-organizer,docs/task.md,tasks/finalpool/haoze/media-organizer/docs/task.md,10df01100a9dde3164b8ed254d5225709ce26226,finalpool,E0
haoze/media-organizer,haoze,media-organizer,evaluation/main.py,tasks/finalpool/haoze/media-organizer/evaluation/main.py,10df01100a9dde3164b8ed254d5225709ce26226,finalpool,E0
haoze/media-organizer,haoze,media-organizer,groundtruth_workspace/readme.txt,tasks/finalpool/haoze/media-organizer/groundtruth_workspace/readme.txt,10df01100a9dde3164b8ed254d5225709ce26226,finalpool,E0
haoze/photo-editor,haoze,photo-editor,docs/agent_system_prompt.md,tasks/finalpool/haoze/photo-editor/docs/agent_system_prompt.md,2ee47baa6bf8d5cd3b56db54a95ca15ab86aea57,finalpool,E0
haoze/photo-editor,haoze,photo-editor,docs/task.md,tasks/finalpool/haoze/photo-editor/docs/task.md,2ee47baa6bf8d5cd3b56db54a95ca15ab86aea57,finalpool,E0
haoze/photo-editor,haoze,photo-editor,evaluation/main.py,tasks/finalpool/haoze/photo-editor/evaluation/main.py,2ee47baa6bf8d5cd3b56db54a95ca15ab86aea57,finalpool,E0
haoze/photo-editor,haoze,photo-editor,groundtruth_workspace/readme.txt,tasks/finalpool/haoze/photo-editor/groundtruth_workspace/readme.txt,2ee47baa6bf8d5cd3b56db54a95ca15ab86aea57,finalpool,E0
haoze/streaming-service,haoze,streaming-service,docs/agent_system_prompt.md,tasks/finalpool/haoze/streaming-service/docs/agent_system_prompt.md,baabc92b13031a6b929cfc60879dd7a78d7028af,finalpool,E0
haoze/streaming-service,haoze,streaming-service,docs/task.md,tasks/finalpool/haoze/streaming-service/docs/task.md,baabc92b13031a6b929cfc60879dd7a78d7028af,finalpool,E0
haoze/streaming-service,haoze,streaming-service,evaluation/main.py,tasks/finalpool/haoze/streaming-service/evaluation/main.py,baabc92b13031a6b929cfc60879dd7a78d7028af,finalpool,E0
haoze/streaming-service,haoze,streaming-service,groundtruth_workspace/readme.txt,tasks/finalpool/haoze/streaming-service/groundtruth_workspace/readme.txt,baabc92b13031a6b929cfc60879dd7a78d7028af,finalpool,E0
jl/canvas-grade-automation,jl,canvas-grade-automation,docs/agent_system_prompt.md,tasks/finalpool/jl/canvas-grade-automation/docs/agent_system_prompt.md,65a2280bec5b3b6c88d9dc62cceb835bbc87f134,finalpool,E0
jl/canvas-grade-automation,jl,canvas-grade-automation,docs/task.md,tasks/finalpool/jl/canvas-grade-automation/docs/task.md,65a2280bec5b3b6c88d9dc62cceb835bbc87f134,finalpool,E0
jl/canvas-grade-automation,jl,canvas-grade-automation,evaluation/main.py,tasks/finalpool/jl/canvas-grade-automation/evaluation/main.py,65a2280bec5b3b6c88d9dc62cceb835bbc87f134,finalpool,E0
jl/canvas-grade-automation,jl,canvas-grade-automation,groundtruth_workspace/readme.txt,tasks/finalpool/jl/canvas-grade-automation/groundtruth_workspace/readme.txt,65a2280bec5b3b6c88d9dc62cceb835bbc87f134,finalpool,E0
jl/customer-feedback-processor,jl,customer-feedback-processor,docs/agent_system_prompt.md,tasks/finalpool/jl/customer-feedback-processor/docs/agent_system_prompt.md,7e4f7c28729815114c2a039b4b05204470cd822b,finalpool,E0
jl/customer-feedback-processor,jl,customer-feedback-processor,docs/task.md,tasks/finalpool/jl/customer-feedback-processor/docs/task.md,7e4f7c28729815114c2a039b4b05204470cd822b,finalpool,E0
jl/customer-feedback-processor,jl,customer-feedback-processor,evaluation/main.py,tasks/finalpool/jl/customer-feedback-processor/evaluation/main.py,7e4f7c28729815114c2a039b4b05204470cd822b,finalpool,E0
jl/customer-feedback-processor,jl,customer-feedback-processor,groundtruth_workspace/readme.txt,tasks/finalpool/jl/customer-feedback-processor/groundtruth_workspace/readme.txt,7e4f7c28729815114c2a039b4b05204470cd822b,finalpool,E0
jl/email-classification-system,jl,email-classification-system,docs/agent_system_prompt.md,tasks/finalpool/jl/email-classification-system/docs/agent_system_prompt.md,3db51a52bd88d2135262fc6cc31f178dc42a2f95,finalpool,E0
jl/email-classification-system,jl,email-classification-system,docs/task.md,tasks/finalpool/jl/email-classification-system/docs/task.md,3db51a52bd88d2135262fc6cc31f178dc42a2f95,finalpool,E0
jl/email-classification-system,jl,email-classification-system,evaluation/main.py,tasks/finalpool/jl/email-classification-system/evaluation/main.py,3db51a52bd88d2135262fc6cc31f178dc42a2f95,finalpool,E0
jl/email-classification-system,jl,email-classification-system,groundtruth_workspace/readme.txt,tasks/finalpool/jl/email-classification-system/groundtruth_workspace/readme.txt,3db51a52bd88d2135262fc6cc31f178dc42a2f95,finalpool,E0
jl/inventory-management,jl,inventory-management,docs/agent_system_prompt.md,tasks/finalpool/jl/inventory-management/docs/agent_system_prompt.md,e34374547d6771ece1ba7c58fa550f40afd41295,finalpool,E0
jl/inventory-management,jl,inventory-management,docs/task.md,tasks/finalpool/jl/inventory-management/docs/task.md,e34374547d6771ece1ba7c58fa550f40afd41295,finalpool,E0
jl/inventory-management,jl,inventory-management,evaluation/main.py,tasks/finalpool/jl/inventory-management/evaluation/main.py,e34374547d6771ece1ba7c58fa550f40afd41295,finalpool,E0
jl/inventory-management,jl,inventory-management,groundtruth_workspace/readme.txt,tasks/finalpool/jl/inventory-management/groundtruth_workspace/readme.txt,e34374547d6771ece1ba7c58fa550f40afd41295,finalpool,E0
jl/pdf-report-generator,jl,pdf-report-generator,docs/agent_system_prompt.md,tasks/finalpool/jl/pdf-report-generator/docs/agent_system_prompt.md,a0b04b982ba0b9f350136b153308c101145d7aed,finalpool,E0
jl/pdf-report-generator,jl,pdf-report-generator,docs/task.md,tasks/finalpool/jl/pdf-report-generator/docs/task.md,a0b04b982ba0b9f350136b153308c101145d7aed,finalpool,E0
jl/pdf-report-generator,jl,pdf-report-generator,evaluation/main.py,tasks/finalpool/jl/pdf-report-generator/evaluation/main.py,a0b04b982ba0b9f350136b153308c101145d7aed,finalpool,E0
jl/pdf-report-generator,jl,pdf-report-generator,groundtruth_workspace/readme.txt,tasks/finalpool/jl/pdf-report-generator/groundtruth_workspace/readme.txt,a0b04b982ba0b9f350136b153308c101145d7aed,finalpool,E0
junteng/booking-system,junteng,booking-system,docs/agent_system_prompt.md,tasks/finalpool/junteng/booking-system/docs/agent_system_prompt.md,e1c0d5af84c9ad1f70854e168937115e4c5671b3,finalpool,E0
junteng/booking-system,junteng,booking-system,docs/task.md,tasks/finalpool/junteng/booking-system/docs/task.md,e1c0d5af84c9ad1f70854e168937115e4c5671b3,finalpool,E0
junteng/booking-system,junteng,booking-system,evaluation/main.py,tasks/finalpool/junteng/booking-system/evaluation/main.py,e1c0d5af84c9ad1f70854e168937115e4c5671b3,finalpool,E0
junteng/booking-system,junteng,booking-system,groundtruth_workspace/readme.txt,tasks/finalpool/junteng/booking-system/groundtruth_workspace/readme.txt,e1c0d5af84c9ad1f70854e168937115e4c5671b3,finalpool,E0
junteng/calendar-sync,junteng,calendar-sync,docs/agent_system_prompt.md,tasks/finalpool/junteng/calendar-sync/docs/agent_system_prompt.md,e27e879fe9e9e9f4006e0d5917971c6847920729,finalpool,E0
junteng/calendar-sync,junteng,calendar-sync,docs/task.md,tasks/finalpool/junteng/calendar-sync/docs/task.md,e27e879fe9e9e9f4006e0d5917971c6847920729,finalpool,E0
junteng/calendar-sync,junteng,calendar-sync,evaluation/main.py,tasks/finalpool/junteng/calendar-sync/evaluation/main.py,e27e879fe9e9e9f4006e0d5917971c6847920729,finalpool,E0
junteng/calendar-sync,junteng,calendar-sync,groundtruth_workspace/readme.txt,tasks/finalpool/junteng/calendar-sync/groundtruth_workspace/readme.txt,e27e879fe9e9e9f4006e0d5917971c6847920729,finalpool,E0
junteng/contact-manager,junteng,contact-manager,docs/agent_system_prompt.md,tasks/finalpool/junteng/contact-manager/docs/agent_system_prompt.md,c0ae17b6272e5e01181a51585c4b3b5a1c4c06b4,finalpool,E0
junteng/contact-manager,junteng,contact-manager,docs/task.md,tasks/finalpool/junteng/contact-manager/docs/task.md,c0ae17b6272e5e01181a51585c4b3b5a1c4c06b4,finalpool,E0
junteng/contact-manager,junteng,contact-manager,evaluation/main.py,tasks/finalpool/junteng/contact-manager/evaluation/main.py,c0ae17b6272e5e01181a51585c4b3b5a1c4c06b4,finalpool,E0
junteng/contact-manager,junteng,contact-manager,groundtruth_workspace/readme.txt,tasks/finalpool/junteng/contact-manager/groundtruth_workspace/readme.txt,c0ae17b6272e5e01181a51585c4b3b5a1c4c06b4,finalpool,E0
junteng/help-desk,junteng,help-desk,docs/agent_system_prompt.md,tasks/finalpool/junteng/help-desk/docs/agent_system_prompt.md,16f146af34fac23dfb0136c1b0f2495369faad12,finalpool,E0
junteng/help-desk,junteng,help-desk,docs/task.md,tasks/finalpool/junteng/help-desk/docs/task.md,16f146af34fac23dfb0136c1b0f2495369faad12,finalpool,E0
junteng/help-desk,junteng,help-desk,evaluation/main.py,tasks/finalpool/junteng/help-desk/evaluation/main.py,16f146af34fac23dfb0136c1b0f2495369faad12,finalpool,E0
junteng/help-desk,junteng,help-desk,groundtruth_workspace/readme.txt,tasks/finalpool/junteng/help-desk/groundtruth_workspace/readme.txt,16f146af34fac23dfb0136c1b0f2495369faad12,finalpool,E0
junteng/inventory-tracker,junteng,inventory-tracker,docs/agent_system_prompt.md,tasks/finalpool/junteng/inventory-tracker/docs/agent_system_prompt.md,061db00c1e253ed2a273b18d5b373f5c3ffcdfcf,finalpool,E0
junteng/inventory-tracker,junteng,inventory-tracker,docs/task.md,tasks/finalpool/junteng/inventory-tracker/docs/task.md,061db00c1e253ed2a273b18d5b373f5c3ffcdfcf,finalpool,E0
junteng/inventory-tracker,junteng,inventory-tracker,evaluation/main.py,tasks/finalpool/junteng/inventory-tracker/evaluation/main.py,061db00c1e253ed2a273b18d5b373f5c3ffcdfcf,finalpool,E0
junteng/inventory-tracker,junteng,inventory-tracker,groundtruth_workspace/readme.txt,tasks/finalpool/junteng/inventory-tracker/groundtruth_workspace/readme.txt,061db00c1e253ed2a273b18d5b373f5c3ffcdfcf,finalpool,E0
junteng/order-processor,junteng,order-processor,docs/agent_system_prompt.md,tasks/junteng/order-processor/docs/agent_system_prompt.md,8c7ebc342a60168bec38fe3d7f9242a0fcd820da,junteng_dev,E0
junteng/order-processor,junteng,order-processor,docs/task.md,tasks/junteng/order-processor/docs/task.md,8c7ebc342a60168bec38fe3d7f9242a0fcd820da,junteng_dev,E0
junteng/order-processor,junteng,order-processor,evaluation/main.py,tasks/junteng/order-processor/evaluation/main.py,8c7ebc342a60168bec38fe3d7f9242a0fcd820da,junteng_dev,E0
junteng/order-processor,junteng,order-processor,groundtruth_workspace/readme.txt,tasks/junteng/order-processor/groundtruth_workspace/readme.txt,8c7ebc342a60168bec38fe3d7f9242a0fcd820da,junteng_dev,E0
junteng/product-catalog,junteng,product-catalog,docs/agent_system_prompt.md,tasks/finalpool/junteng/product-catalog/docs/agent_system_prompt.md,6db1beb79084054a6291d0da9165b2a5a188284c,finalpool,E0
junteng/product-catalog,junteng,product-catalog,docs/task.md,tasks/finalpool/junteng/product-catalog/docs/task.md,6db1beb79084054a6291d0da9165b2a5a188284c,finalpool,E0
junteng/product-catalog,junteng,product-catalog,evaluation/main.py,tasks/finalpool/junteng/product-catalog/evaluation/main.py,6db1beb79084054a6291d0da9165b2a5a188284c,finalpool,E0
junteng/product-catalog,junteng,product-catalog,groundtruth_workspace/readme.txt,tasks/finalpool/junteng/product-catalog/groundtruth_workspace/readme.txt,6db1beb79084054a6291d0da9165b2a5a188284c,finalpool,E0
junteng/shipment-tracker,junteng,shipment-tracker,docs/agent_system_prompt.md,tasks/junteng/shipment-tracker/docs/agent_system_prompt.md,35ac4e7e2f0da5400f3a1cd73bf64122998b8eb8,junteng_dev,E0
junteng/shipment-tracker,junteng,shipment-tracker,docs/task.md,tasks/junteng/shipment-tracker/docs/task.md,35ac4e7e2f0da5400f3a1cd73bf64122998b8eb8,junteng_dev,E0
junteng/shipment-tracker,junteng,shipment-tracker,evaluation/main.py,tasks/junteng/shipment-tracker/evaluation/main.py,35ac4e7e2f0da5400f3a1cd73bf64122998b8eb8,junteng_dev,E0
junteng/shipment-tracker,junteng,shipment-tracker,groundtruth_workspace/readme.txt,tasks/junteng/shipment-tracker/groundtruth_workspace/readme.txt,35ac4e7e2f0da5400f3a1cd73bf64122998b8eb8,junteng_dev,E0
junxian/barcode-scanner,junxian,barcode-scanner,docs/agent_system_prompt.md,tasks/finalpool/junxian/barcode-scanner/docs/agent_system_prompt.md,ce6d09911311021a010fe176ad67cbb80db0bf21,finalpool,E0
junxian/barcode-scanner,junxian,barcode-scanner,docs/task.md,tasks/finalpool/junxian/barcode-scanner/docs/task.md,ce6d09911311021a010fe176ad67cbb80db0bf21,finalpool,E0
junxian/barcode-scanner,junxian,barcode-scanner,evaluation/main.py,tasks/finalpool/junxian/barcode-scanner/evaluation/main.py,ce6d09911311021a010fe176ad67cbb80db0bf21,finalpool,E0
junxian/barcode-scanner,junxian,barcode-scanner,groundtruth_workspace/readme.txt,tasks/finalpool/junxian/barcode-scanner/groundtruth_workspace/readme.txt,ce6d09911311021a010fe176ad67cbb80db0bf21,finalpool,E0
junxian/currency-converter,junxian,currency-converter,docs/agent_system_prompt.md,tasks/finalpool/junxian/currency-converter/docs/agent_system_prompt.md,b21cc80268668784fcd4966e7eb2ec852e352b70,finalpool,E0
junxian/currency-converter,junxian,currency-converter,docs/task.md,tasks/finalpool/junxian/currency-converter/docs/task.md,b21cc80268668784fcd4966e7eb2ec852e352b70,finalpool,E0
junxian/currency-converter,junxian,currency-converter,evaluation/main.py,tasks/finalpool/junxian/currency-converter/evaluation/main.py,b21cc80268668784fcd4966e7eb2ec852e352b70,finalpool,E0
junxian/currency-converter,junxian,currency-converter,groundtruth_workspace/readme.txt,tasks/finalpool/junxian/currency-converter/groundtruth_workspace/readme.txt,b21cc80268668784fcd4966e7eb2ec852e352b70,finalpool,E0
junxian/qr-generator,junxian,qr-generator,docs/agent_system_prompt.md,tasks/finalpool/junxian/qr-generator/docs/agent_system_prompt.md,7cb59cd0535fb06ffe12313ffddbb15af1ca4bc6,finalpool,E0
junxian/qr-generator,junxian,qr-generator,docs/task.md,tasks/finalpool/junxian/qr-generator/docs/task.md,7cb59cd0535fb06ffe12313ffddbb15af1ca4bc6,finalpool,E0
junxian/qr-generator,junxian,qr-generator,evaluation/main.py,tasks/finalpool/junxian/qr-generator/evaluation/main.py,7cb59cd0535fb06ffe12313ffddbb15af1ca4bc6,finalpool,E0
junxian/qr-generator,junxian,qr-generator,groundtruth_workspace/readme.txt,tasks/finalpool/junxian/qr-generator/groundtruth_workspace/readme.txt,7cb59cd0535fb06ffe12313ffddbb15af1ca4bc6,finalpool,E0
lueyang/client-portal,lueyang,client-portal,docs/agent_system_prompt.md,tasks/finalpool/lueyang/client-portal/docs/agent_system_prompt.md,f407e61e263c8515cb535c7aa4b42f9318b533b6,finalpool,E0
lueyang/client-portal,lueyang,client-portal,docs/task.md,tasks/finalpool/lueyang/client-portal/docs/task.md,f407e61e263c8515cb535c7aa4b42f9318b533b6,finalpool,E0
lueyang/client-portal,lueyang,client-portal,evaluation/main.py,tasks/finalpool/lueyang/client-portal/evaluation/main.py,f407e61e263c8515cb535c7aa4b42f9318b533b6,finalpool,E0
lueyang/client-portal,lueyang,client-portal,groundtruth_workspace/readme.txt,tasks/finalpool/lueyang/client-portal/groundtruth_workspace/readme.txt,f407e61e263c8515cb535c7aa4b42f9318b533b6,finalpool,E0
lueyang/contact-scorer,lueyang,contact-scorer,docs/agent_system_prompt.md,tasks/finalpool/lueyang/contact-scorer/docs/agent_system_prompt.md,e20c52954ec66d18feb7f744520bbae47e67d2cf,finalpool,E0
lueyang/contact-scorer,lueyang,contact-scorer,docs/task.md,tasks/finalpool/lueyang/contact-scorer/docs/task.md,e20c52954ec66d18feb7f744520bbae47e67d2cf,finalpool,E0
lueyang/contact-scorer,lueyang,contact-scorer,evaluation/main.py,tasks/finalpool/lueyang/contact-scorer/evaluation/main.py,e20c52954ec66d18feb7f744520bbae47e67d2cf,finalpool,E0
lueyang/contact-scorer,lueyang,contact-scorer,groundtruth_workspace/readme.txt,tasks/finalpool/lueyang/contact-scorer/groundtruth_workspace/readme.txt,e20c52954ec66d18feb7f744520bbae47e67d2cf,finalpool,E0
lueyang/crm-system,lueyang,crm-system,docs/agent_system_prompt.md,tasks/finalpool/lueyang/crm-system/docs/agent_system_prompt.md,5e7b51afe098e4ef45dcc54b83c63637cc324203,finalpool,E0
lueyang/crm-system,lueyang,crm-system,docs/task.md,tasks/finalpool/lueyang/crm-system/docs/task.md,5e7b51afe098e4ef45dcc54b83c63637cc324203,finalpool,E0
lueyang/crm-system,lueyang,crm-system,evaluation/main.py,tasks/finalpool/lueyang/crm-system/evaluation/main.py,5e7b51afe098e4ef45dcc54b83c63637cc324203,finalpool,E0
lueyang/crm-system,lueyang,crm-system,groundtruth_workspace/readme.txt,tasks/finalpool/lueyang/crm-system/groundtruth_workspace/readme.txt,5e7b51afe098e4ef45dcc54b83c63637cc324203,finalpool,E0
lueyang/deal-manager,lueyang,deal-manager,docs/agent_system_prompt.md,tasks/finalpool/lueyang/deal-manager/docs/agent_system_prompt.md,7f2bd855ea239f08e6456b270ae671231268a4b9,finalpool,E0
lueyang/deal-manager,lueyang,deal-manager,docs/task.md,tasks/finalpool/lueyang/deal-manager/docs/task.md,7f2bd855ea239f08e6456b270ae671231268a4b9,finalpool,E0
lueyang/deal-manager,lueyang,deal-manager,evaluation/main.py,tasks/finalpool/lueyang/deal-manager/evaluation/main.py,7f2bd855ea239f08e6456b270ae671231268a4b9,finalpool,E0
lueyang/deal-manager,lueyang,deal-manager,groundtruth_workspace/readme.txt,tasks/finalpool/lueyang/deal-manager/groundtruth_workspace/readme.txt,7f2bd855ea239f08e6456b270ae671231268a4b9,finalpool,E0
lueyang/email-campaign,lueyang,email-campaign,docs/agent_system_prompt.md,tasks/finalpool/lueyang/email-campaign/docs/agent_system_prompt.md,dc3b35538af8001e6f801f290b36ef23f9e9fbbb,finalpool,E0
lueyang/email-campaign,lueyang,email-campaign,docs/task.md,tasks/finalpool/lueyang/email-campaign/docs/task.md,dc3b35538af8001e6f801f290b36ef23f9e9fbbb,finalpool,E0
lueyang/email-campaign,lueyang,email-campaign,evaluation/main.py,tasks/finalpool/lueyang/email-campaign/evaluation/main.py,dc3b35538af8001e6f801f290b36ef23f9e9fbbb,finalpool,E0
lueyang/email-campaign,lueyang,email-campaign,groundtruth_workspace/readme.txt,tasks/finalpool/lueyang/email-campaign/groundtruth_workspace/readme.txt,dc3b35538af8001e6f801f290b36ef23f9e9fbbb,finalpool,E0
lueyang/follow-up-reminder,lueyang,follow-up-reminder,docs/agent_system_prompt.md,tasks/finalpool/lueyang/follow-up-reminder/docs/agent_system_prompt.md,67b3bfc12fbca42be8e1b28857e0f88f157f2209,finalpool,E0
lueyang/follow-up-reminder,lueyang,follow-up-reminder,docs/task.md,tasks/finalpool/lueyang/follow-up-reminder/docs/task.md,67b3bfc12fbca42be8e1b28857e0f88f157f2209,finalpool,E0
lueyang/follow-up-reminder,lueyang,follow-up-reminder,evaluation/main.py,tasks/finalpool/lueyang/follow-up-reminder/evaluation/main.py,67b3bfc12fbca42be8e1b28857e0f88f157f2209,finalpool,E0
lueyang/follow-up-reminder,lueyang,follow-up-reminder,groundtruth_workspace/readme.txt,tasks/finalpool/lueyang/follow-up-reminder/groundtruth_workspace/readme.txt,67b3bfc12fbca42be8e1b28857e0f88f157f2209,finalpool,E0
lueyang/lead-tracker,lueyang,lead-tracker,docs/agent_system_prompt.md,tasks/finalpool/lueyang/lead-tracker/docs/agent_system_prompt.md,8bb51ed870b8a203fb43f55e0c6bf847a8deface,finalpool,E0
lueyang/lead-tracker,lueyang,lead-tracker,docs/task.md,tasks/finalpool/lueyang/lead-tracker/docs/task.md,8bb51ed870b8a203fb43f55e0c6bf847a8deface,finalpool,E0
lueyang/lead-tracker,lueyang,lead-tracker,evaluation/main.py,tasks/finalpool/lueyang/lead-tracker/evaluation/main.py,8bb51ed870b8a203fb43f55e0c6bf847a8deface,finalpool,E0
lueyang/lead-tracker,lueyang,lead-tracker,groundtruth_workspace/readme.txt,tasks/finalpool/lueyang/lead-tracker/groundtruth_workspace/readme.txt,8bb51ed870b8a203fb43f55e0c6bf847a8deface,finalpool,E0
lueyang/territory-manager,lueyang,territory-manager,docs/agent_system_prompt.md,tasks/finalpool/lueyang/territory-manager/docs/agent_system_prompt.md,634cf876c45b0aea6cab80a6727af07e174aaf08,finalpool,E0
lueyang/territory-manager,lueyang,territory-manager,docs/task.md,tasks/finalpool/lueyang/territory-manager/docs/task.md,634cf876c45b0aea6cab80a6727af07e174aaf08,finalpool,E0
lueyang/territory-manager,lueyang,territory-manager,evaluation/main.py,tasks/finalpool/lueyang/territory-manager/evaluation/main.py,634cf876c45b0aea6cab80a6727af07e174aaf08,finalpool,E0
lueyang/territory-manager,lueyang,territory-manager,groundtruth_workspace/readme.txt,tasks/finalpool/lueyang/territory-manager/groundtruth_workspace/readme.txt,634cf876c45b0aea6cab80a6727af07e174aaf08,finalpool,E0
lv/analytics-dashboard,lv,analytics-dashboard,docs/agent_system_prompt.md,tasks/lv/analytics-dashboard/docs/agent_system_prompt.md,b959834729e87847ed35780393712c7ed7282639,lv,E0
lv/analytics-dashboard,lv,analytics-dashboard,docs/task.md,tasks/lv/analytics-dashboard/docs/task.md,b959834729e87847ed35780393712c7ed7282639,lv,E0
lv/analytics-dashboard,lv,analytics-dashboard,evaluation/main.py,tasks/lv/analytics-dashboard/evaluation/main.py,b959834729e87847ed35780393712c7ed7282639,lv,E0
lv/analytics-dashboard,lv,analytics-dashboard,groundtruth_workspace/readme.txt,tasks/lv/analytics-dashboard/groundtruth_workspace/readme.txt,b959834729e87847ed35780393712c7ed7282639,lv,E0
lv/feedback-collector,lv,feedback-collector,docs/agent_system_prompt.md,tasks/lv/feedback-collector/docs/agent_system_prompt.md,8ed97e81d0804c06bf4ed195aa7b4a8915f5b5f0,lv,E0
lv/feedback-collector,lv,feedback-collector,docs/task.md,tasks/lv/feedback-collector/docs/task.md,8ed97e81d0804c06bf4ed195aa7b4a8915f5b5f0,lv,E0
lv/feedback-collector,lv,feedback-collector,evaluation/main.py,tasks/lv/feedback-collector/evaluation/main.py,8ed97e81d0804c06bf4ed195aa7b4a8915f5b5f0,lv,E0
lv/feedback-collector,lv,feedback-collector,groundtruth_workspace/readme.txt,tasks/lv/feedback-collector/groundtruth_workspace/readme.txt,8ed97e81d0804c06bf4ed195aa7b4a8915f5b5f0,lv,E0
lv/insights-engine,lv,insights-engine,docs/agent_system_prompt.md,tasks/finalpool/lv/insights-engine/docs/agent_system_prompt.md,2153c9e27c9beb85c0e49b5ba647e7d1861968b0,finalpool,E0
lv/insights-engine,lv,insights-engine,docs/task.md,tasks/finalpool/lv/insights-engine/docs/task.md,2153c9e27c9beb85c0e49b5ba647e7d1861968b0,finalpool,E0
lv/insights-engine,lv,insights-engine,evaluation/main.py,tasks/finalpool/lv/insights-engine/evaluation/main.py,2153c9e27c9beb85c0e49b5ba647e7d1861968b0,finalpool,E0
lv/insights-engine,lv,insights-engine,groundtruth_workspace/readme.txt,tasks/finalpool/lv/insights-engine/groundtruth_workspace/readme.txt,2153c9e27c9beb85c0e49b5ba647e7d1861968b0,finalpool,E0
lv/personalization-service,lv,personalization-service,docs/agent_system_prompt.md,tasks/lv/personalization-service/docs/agent_system_prompt.md,a103316caee2cc8f8963c2031078ef77cf1dfef2,lv,E0
lv/personalization-service,lv,personalization-service,docs/task.md,tasks/lv/personalization-service/docs/task.md,a103316caee2cc8f8963c2031078ef77cf1dfef2,lv,E0
lv/personalization-service,lv,personalization-service,evaluation/main.py,tasks/lv/personalization-service/evaluation/main.py,a103316caee2cc8f8963c2031078ef77cf1dfef2,lv,E0
lv/personalization-service,lv,personalization-service,groundtruth_workspace/readme.txt,tasks/lv/personalization-service/groundtruth_workspace/readme.txt,a103316caee2cc8f8963c2031078ef77cf1dfef2,lv,E0
lv/recommendation-engine,lv,recommendation-engine,docs/agent_system_prompt.md,tasks/lv/recommendation-engine/docs/agent_system_prompt.md,714ff99de4a1d7929eda73d1e5aabae6b300184a,lv,E0
lv/recommendation-engine,lv,recommendation-engine,docs/task.md,tasks/lv/recommendation-engine/docs/task.md,714ff99de4a1d7929eda73d1e5aabae6b300184a,lv,E0
lv/recommendation-engine,lv,recommendation-engine,evaluation/main.py,tasks/lv/recommendation-engine/evaluation/main.py,714ff99de4a1d7929eda73d1e5aabae6b300184a,lv,E0
lv/recommendation-engine,lv,recommendation-engine,groundtruth_workspace/readme.txt,tasks/lv/recommendation-engine/groundtruth_workspace/readme.txt,714ff99de4a1d7929eda73d1e5aabae6b300184a,lv,E0
lv/sentiment-analyzer,lv,sentiment-analyzer,docs/agent_system_prompt.md,tasks/lv/sentiment-analyzer/docs/agent_system_prompt.md,92105a3ce2b4e5a800d1f503ab5b8a5f0b8cdf0b,lv,E0
lv/sentiment-analyzer,lv,sentiment-analyzer,docs/task.md,tasks/lv/sentiment-analyzer/docs/task.md,92105a3ce2b4e5a800d1f503ab5b8a5f0b8cdf0b,lv,E0
lv/sentiment-analyzer,lv,sentiment-analyzer,evaluation/main.py,tasks/lv/sentiment-analyzer/evaluation/main.py,92105a3ce2b4e5a800d1f503ab5b8a5f0b8cdf0b,lv,E0
lv/sentiment-analyzer,lv,sentiment-analyzer,groundtruth_workspace/readme.txt,tasks/lv/sentiment-analyzer/groundtruth_workspace/readme.txt,92105a3ce2b4e5a800d1f503ab5b8a5f0b8cdf0b,lv,E0
lv/survey-builder,lv,survey-builder,docs/agent_system_prompt.md,tasks/lv/survey-builder/docs/agent_system_prompt.md,7dca3cadcaf1d3e7e66387b8ef47cb0ab462d51e,lv,E0
lv/survey-builder,lv,survey-builder,docs/task.md,tasks/lv/survey-builder/docs/task.md,7dca3cadcaf1d3e7e66387b8ef47cb0ab462d51e,lv,E0
lv/survey-builder,lv,survey-builder,evaluation/main.py,tasks/lv/survey-builder/evaluation/main.py,7dca3cadcaf1d3e7e66387b8ef47cb0ab462d51e,lv,E0
lv/survey-builder,lv,survey-builder,groundtruth_workspace/readme.txt,tasks/lv/survey-builder/groundtruth_workspace/readme.txt,7dca3cadcaf1d3e7e66387b8ef47cb0ab462d51e,lv,E0
ruige/data-analytics,ruige,data-analytics,docs/agent_system_prompt.md,tasks/finalpool/ruige/data-analytics/docs/agent_system_prompt.md,59a5335309ae8df10c8231c6d99844de6a4dd44b,finalpool,E0
ruige/data-analytics,ruige,data-analytics,docs/task.md,tasks/finalpool/ruige/data-analytics/docs/task.md,59a5335309ae8df10c8231c6d99844de6a4dd44b,finalpool,E0
ruige/data-analytics,ruige,data-analytics,evaluation/main.py,tasks/finalpool/ruige/data-analytics/evaluation/main.py,59a5335309ae8df10c8231c6d99844de6a4dd44b,finalpool,E0
ruige/data-analytics,ruige,data-analytics,groundtruth_workspace/readme.txt,tasks/finalpool/ruige/data-analytics/groundtruth_workspace/readme.txt,59a5335309ae8df10c8231c6d99844de6a4dd44b,finalpool,E0
ruige/file-manager,ruige,file-manager,docs/agent_system_prompt.md,tasks/ruige/file-manager/docs/agent_system_prompt.md,284a45e17256ca9b4040396847caa23d846bf2af,ruige,E0
ruige/file-manager,ruige,file-manager,docs/task.md,tasks/ruige/file-manager/docs/task.md,284a45e17256ca9b4040396847caa23d846bf2af,ruige,E0
ruige/file-manager,ruige,file-manager,evaluation/main.py,tasks/ruige/file-manager/evaluation/main.py,284a45e17256ca9b4040396847caa23d846bf2af,ruige,E0
ruige/file-manager,ruige,file-manager,groundtruth_workspace/readme.txt,tasks/ruige/file-manager/groundtruth_workspace/readme.txt,284a45e17256ca9b4040396847caa23d846bf2af,ruige,E0
ruige/log-analyzer,ruige,log-analyzer,docs/agent_system_prompt.md,tasks/ruige/log-analyzer/docs/agent_system_prompt.md,293ec79113a116fd80c57f1624c4b6ceb1598b98,ruige,E0
ruige/log-analyzer,ruige,log-analyzer,docs/task.md,tasks/ruige/log-analyzer/docs/task.md,293ec79113a116fd80c57f1624c4b6ceb1598b98,ruige,E0
ruige/log-analyzer,ruige,log-analyzer,evaluation/main.py,tasks/ruige/log-analyzer/evaluation/main.py,293ec79113a116fd80c57f1624c4b6ceb1598b98,ruige,E0
ruige/log-analyzer,ruige,log-analyzer,groundtruth_workspace/readme.txt,tasks/ruige/log-analyzer/groundtruth_workspace/readme.txt,293ec79113a116fd80c57f1624c4b6ceb1598b98,ruige,E0
ruige/pdf-processor,ruige,pdf-processor,docs/agent_system_prompt.md,tasks/ruige/pdf-processor/docs/agent_system_prompt.md,863742c03ec4d3183f7b439d45558d50d1cb3b26,ruige,E0
ruige/pdf-processor,ruige,pdf-processor,docs/task.md,tasks/ruige/pdf-processor/docs/task.md,863742c03ec4d3183f7b439d45558d50d1cb3b26,ruige,E0
ruige/pdf-processor,ruige,pdf-processor,evaluation/main.py,tasks/ruige/pdf-processor/evaluation/main.py,863742c03ec4d3183f7b439d45558d50d1cb3b26,ruige,E0
ruige/pdf-processor,ruige,pdf-processor,groundtruth_workspace/readme.txt,tasks/ruige/pdf-processor/groundtruth_workspace/readme.txt,863742c03ec4d3183f7b439d45558d50d1cb3b26,ruige,E0
ruige/report-generator,ruige,report-generator,docs/agent_system_prompt.md,tasks/finalpool/ruige/report-generator/docs/agent_system_prompt.md,4f66a9473dd4958c58757a393d38350c20111a77,finalpool,E0
ruige/report-generator,ruige,report-generator,docs/task.md,tasks/finalpool/ruige/report-generator/docs/task.md,4f66a9473dd4958c58757a393d38350c20111a77,finalpool,E0
ruige/report-generator,ruige,report-generator,evaluation/main.py,tasks/finalpool/ruige/report-generator/evaluation/main.py,4f66a9473dd4958c58757a393d38350c20111a77,finalpool,E0
ruige/report-generator,ruige,report-generator,groundtruth_workspace/readme.txt,tasks/finalpool/ruige/report-generator/groundtruth_workspace/readme.txt,4f66a9473dd4958c58757a393d38350c20111a77,finalpool,E0
ruige/web-crawler,ruige,web-crawler,docs/agent_system_prompt.md,tasks/ruige/web-crawler/docs/agent_system_prompt.md,403a2232a8017b60f543224896d85d2d5c3d24fd,ruige,E0
ruige/web-crawler,ruige,web-crawler,docs/task.md,tasks/ruige/web-crawler/docs/task.md,403a2232a8017b60f543224896d85d2d5c3d24fd,ruige,E0
ruige/web-crawler,ruige,web-crawler,evaluation/main.py,tasks/ruige/web-crawler/evaluation/main.py,403a2232a8017b60f543224896d85d2d5c3d24fd,ruige,E0
ruige/web-crawler,ruige,web-crawler,groundtruth_workspace/readme.txt,tasks/ruige/web-crawler/groundtruth_workspace/readme.txt,403a2232a8017b60f543224896d85d2d5c3d24fd,ruige,E0
wenshuo/document-parser,wenshuo,document-parser,docs/agent_system_prompt.md,tasks/finalpool/wenshuo/document-parser/docs/agent_system_prompt.md,014e04c18a9f719f825c9d1078db5030a7ca8cae,finalpool,E0
wenshuo/document-parser,wenshuo,document-parser,docs/task.md,tasks/finalpool/wenshuo/document-parser/docs/task.md,014e04c18a9f719f825c9d1078db5030a7ca8cae,finalpool,E0
wenshuo/document-parser,wenshuo,document-parser,evaluation/main.py,tasks/finalpool/wenshuo/document-parser/evaluation/main.py,014e04c18a9f719f825c9d1078db5030a7ca8cae,finalpool,E0
wenshuo/document-parser,wenshuo,document-parser,groundtruth_workspace/readme.txt,tasks/finalpool/wenshuo/document-parser/groundtruth_workspace/readme.txt,014e04c18a9f719f825c9d1078db5030a7ca8cae,finalpool,E0
wenshuo/performance-monitor,wenshuo,performance-monitor,docs/agent_system_prompt.md,tasks/finalpool/wenshuo/performance-monitor/docs/agent_system_prompt.md,7472de9268b489c766f788d15e6b208d2741643b,finalpool,E0
wenshuo/performance-monitor,wenshuo,performance-monitor,docs/task.md,tasks/finalpool/wenshuo/performance-monitor/docs/task.md,7472de9268b489c766f788d15e6b208d2741643b,finalpool,E0
wenshuo/performance-monitor,wenshuo,performance-monitor,evaluation/main.py,tasks/finalpool/wenshuo/performance-monitor/evaluation/main.py,7472de9268b489c766f788d15e6b208d2741643b,finalpool,E0
wenshuo/performance-monitor,wenshuo,performance-monitor,groundtruth_workspace/readme.txt,tasks/finalpool/wenshuo/performance-monitor/groundtruth_workspace/readme.txt,7472de9268b489c766f788d15e6b208d2741643b,finalpool,E0
wenshuo/search-engine,wenshuo,search-engine,docs/agent_system_prompt.md,tasks/finalpool/wenshuo/search-engine/docs/agent_system_prompt.md,6423b1951de5b05d1e1d5613a8866816321957e9,finalpool,E0
wenshuo/search-engine,wenshuo,search-engine,docs/task.md,tasks/finalpool/wenshuo/search-engine/docs/task.md,6423b1951de5b05d1e1d5613a8866816321957e9,finalpool,E0
wenshuo/search-engine,wenshuo,search-engine,evaluation/main.py,tasks/finalpool/wenshuo/search-engine/evaluation/main.py,6423b1951de5b05d1e1d5613a8866816321957e9,finalpool,E0
wenshuo/search-engine,wenshuo,search-engine,groundtruth_workspace/readme.txt,tasks/finalpool/wenshuo/search-engine/groundtruth_workspace/readme.txt,6423b1951de5b05d1e1d5613a8866816321957e9,finalpool,E0
wenshuo/workflow-automation,wenshuo,workflow-automation,docs/agent_system_prompt.md,tasks/finalpool/wenshuo/workflow-automation/docs/agent_system_prompt.md,54d972f10e770b5c67c7a1c821d00926f0ccda1c,finalpool,E0
wenshuo/workflow-automation,wenshuo,workflow-automation,docs/task.md,tasks/finalpool/wenshuo/workflow-automation/docs/task.md,54d972f10e770b5c67c7a1c821d00926f0ccda1c,finalpool,E0
wenshuo/workflow-automation,wenshuo,workflow-automation,evaluation/main.py,tasks/finalpool/wenshuo/workflow-automation/evaluation/main.py,54d972f10e770b5c67c7a1c821d00926f0ccda1c,finalpool,E0
wenshuo/workflow-automation,wenshuo,workflow-automation,groundtruth_workspace/readme.txt,tasks/finalpool/wenshuo/workflow-automation/groundtruth_workspace/readme.txt,54d972f10e770b5c67c7a1c821d00926f0ccda1c,finalpool,E0
xiaochen/deployment-tool,xiaochen,deployment-tool,docs/agent_system_prompt.md,tasks/finalpool/xiaochen/deployment-tool/docs/agent_system_prompt.md,fede5f3abba35455ba2284d8c509a1968d7da123,finalpool,E0
xiaochen/deployment-tool,xiaochen,deployment-tool,docs/task.md,tasks/finalpool/xiaochen/deployment-tool/docs/task.md,fede5f3abba35455ba2284d8c509a1968d7da123,finalpool,E0
xiaochen/deployment-tool,xiaochen,deployment-tool,evaluation/main.py,tasks/finalpool/xiaochen/deployment-tool/evaluation/main.py,fede5f3abba35455ba2284d8c509a1968d7da123,finalpool,E0
xiaochen/deployment-tool,xiaochen,deployment-tool,groundtruth_workspace/readme.txt,tasks/finalpool/xiaochen/deployment-tool/groundtruth_workspace/readme.txt,fede5f3abba35455ba2284d8c509a1968d7da123,finalpool,E0
xiaochen/error-tracker,xiaochen,error-tracker,docs/agent_system_prompt.md,tasks/finalpool/xiaochen/error-tracker/docs/agent_system_prompt.md,d8648e02176652f9a43e37ef75852d9e26f0b7c4,finalpool,E0
xiaochen/error-tracker,xiaochen,error-tracker,docs/task.md,tasks/finalpool/xiaochen/error-tracker/docs/task.md,d8648e02176652f9a43e37ef75852d9e26f0b7c4,finalpool,E0
xiaochen/error-tracker,xiaochen,error-tracker,evaluation/main.py,tasks/finalpool/xiaochen/error-tracker/evaluation/main.py,d8648e02176652f9a43e37ef75852d9e26f0b7c4,finalpool,E0
xiaochen/error-tracker,xiaochen,error-tracker,groundtruth_workspace/readme.txt,tasks/finalpool/xiaochen/error-tracker/groundtruth_workspace/readme.txt,d8648e02176652f9a43e37ef75852d9e26f0b7c4,finalpool,E0
xiaochen/health-monitor,xiaochen,health-monitor,docs/agent_system_prompt.md,tasks/finalpool/xiaochen/health-monitor/docs/agent_system_prompt.md,b25c1fc03858525b0198af3365ba331218f7c6a6,finalpool,E0
xiaochen/health-monitor,xiaochen,health-monitor,docs/task.md,tasks/finalpool/xiaochen/health-monitor/docs/task.md,b25c1fc03858525b0198af3365ba331218f7c6a6,finalpool,E0
xiaochen/health-monitor,xiaochen,health-monitor,evaluation/main.py,tasks/finalpool/xiaochen/health-monitor/evaluation/main.py,b25c1fc03858525b0198af3365ba331218f7c6a6,finalpool,E0
xiaochen/health-monitor,xiaochen,health-monitor,groundtruth_workspace/readme.txt,tasks/finalpool/xiaochen/health-monitor/groundtruth_workspace/readme.txt,b25c1fc03858525b0198af3365ba331218f7c6a6,finalpool,E0
xiaochen/monitoring-agent,xiaochen,monitoring-agent,docs/agent_system_prompt.md,tasks/finalpool/xiaochen/monitoring-agent/docs/agent_system_prompt.md,510503a01e14dbb4782f5b782c4f996b0de3a0f9,finalpool,E0
xiaochen/monitoring-agent,xiaochen,monitoring-agent,docs/task.md,tasks/finalpool/xiaochen/monitoring-agent/docs/task.md,510503a01e14dbb4782f5b782c4f996b0de3a0f9,finalpool,E0
xiaochen/monitoring-agent,xiaochen,monitoring-agent,evaluation/main.py,tasks/finalpool/xiaochen/monitoring-agent/evaluation/main.py,510503a01e14dbb4782f5b782c4f996b0de3a0f9,finalpool,E0
xiaochen/monitoring-agent,xiaochen,monitoring-agent,groundtruth_workspace/readme.txt,tasks/finalpool/xiaochen/monitoring-agent/groundtruth_workspace/readme.txt,510503a01e14dbb4782f5b782c4f996b0de3a0f9,finalpool,E0
xiaochen/security-scanner,xiaochen,security-scanner,docs/agent_system_prompt.md,tasks/finalpool/xiaochen/security-scanner/docs/agent_system_prompt.md,0118b178ae658a320b1072ad0a07fe45a0b7e035,finalpool,E0
xiaochen/security-scanner,xiaochen,security-scanner,docs/task.md,tasks/finalpool/xiaochen/security-scanner/docs/task.md,0118b178ae658a320b1072ad0a07fe45a0b7e035,finalpool,E0
xiaochen/security-scanner,xiaochen,security-scanner,evaluation/main.py,tasks/finalpool/xiaochen/security-scanner/evaluation/main.py,0118b178ae658a320b1072ad0a07fe45a0b7e035,finalpool,E0
xiaochen/security-scanner,xiaochen,security-scanner,groundtruth_workspace/readme.txt,tasks/finalpool/xiaochen/security-scanner/groundtruth_workspace/readme.txt,0118b178ae658a320b1072ad0a07fe45a0b7e035,finalpool,E0
xiaochen/status-checker,xiaochen,status-checker,docs/agent_system_prompt.md,tasks/xiaochen/status-checker/docs/agent_system_prompt.md,ba86c4d9966a16c61c07f2ed12d3519b1f2e7ada,xiaochen_dev,E0
xiaochen/status-checker,xiaochen,status-checker,docs/task.md,tasks/xiaochen/status-checker/docs/task.md,ba86c4d9966a16c61c07f2ed12d3519b1f2e7ada,xiaochen_dev,E0
xiaochen/status-checker,xiaochen,status-checker,evaluation/main.py,tasks/xiaochen/status-checker/evaluation/main.py,ba86c4d9966a16c61c07f2ed12d3519b1f2e7ada,xiaochen_dev,E0
xiaochen/status-checker,xiaochen,status-checker,groundtruth_workspace/readme.txt,tasks/xiaochen/status-checker/groundtruth_workspace/readme.txt,ba86c4d9966a16c61c07f2ed12d3519b1f2e7ada,xiaochen_dev,E0
xiaochen/test-generator,xiaochen,test-generator,docs/agent_system_prompt.md,tasks/xiaochen/test-generator/docs/agent_system_prompt.md,a0ddbea0bba6cafaad8c84eb814f04553d286271,xiaochen_dev,E0
xiaochen/test-generator,xiaochen,test-generator,docs/task.md,tasks/xiaochen/test-generator/docs/task.md,a0ddbea0bba6cafaad8c84eb814f04553d286271,xiaochen_dev,E0
xiaochen/test-generator,xiaochen,test-generator,evaluation/main.py,tasks/xiaochen/test-generator/evaluation/main.py,a0ddbea0bba6cafaad8c84eb814f04553d286271,xiaochen_dev,E0
xiaochen/test-generator,xiaochen,test-generator,groundtruth_workspace/readme.txt,tasks/xiaochen/test-generator/groundtruth_workspace/readme.txt,a0ddbea0bba6cafaad8c84eb814f04553d286271,xiaochen_dev,E0
yuxuan/asset-optimizer,yuxuan,asset-optimizer,docs/agent_system_prompt.md,tasks/finalpool/yuxuan/asset-optimizer/docs/agent_system_prompt.md,1950fa7271911f86229f57185d547cf6496bdee2,finalpool,E0
yuxuan/asset-optimizer,yuxuan,asset-optimizer,docs/task.md,tasks/finalpool/yuxuan/asset-optimizer/docs/task.md,1950fa7271911f86229f57185d547cf6496bdee2,finalpool,E0
yuxuan/asset-optimizer,yuxuan,asset-optimizer,evaluation/main.py,tasks/finalpool/yuxuan/asset-optimizer/evaluation/main.py,1950fa7271911f86229f57185d547cf6496bdee2,finalpool,E0
yuxuan/asset-optimizer,yuxuan,asset-optimizer,groundtruth_workspace/readme.txt,tasks/finalpool/yuxuan/asset-optimizer/groundtruth_workspace/readme.txt,1950fa7271911f86229f57185d547cf6496bdee2,finalpool,E0
yuxuan/content-manager,yuxuan,content-manager,docs/agent_system_prompt.md,tasks/finalpool/yuxuan/content-manager/docs/agent_system_prompt.md,85a6e0fbf72cd41a96d777242dc733b18cd9b638,finalpool,E0
yuxuan/content-manager,yuxuan,content-manager,docs/task.md,tasks/finalpool/yuxuan/content-manager/docs/task.md,85a6e0fbf72cd41a96d777242dc733b18cd9b638,finalpool,E0
yuxuan/content-manager,yuxuan,content-manager,evaluation/main.py,tasks/finalpool/yuxuan/content-manager/evaluation/main.py,85a6e0fbf72cd41a96d777242dc733b18cd9b638,finalpool,E0
yuxuan/content-manager,yuxuan,content-manager,groundtruth_workspace/readme.txt,tasks/finalpool/yuxuan/content-manager/groundtruth_workspace/readme.txt,85a6e0fbf72cd41a96d777242dc733b18cd9b638,finalpool,E0
yuxuan/network-analyzer,yuxuan,network-analyzer,docs/agent_system_prompt.md,tasks/yuxuan/network-analyzer/docs/agent_system_prompt.md,475c6aace9779634e0d255a29084324fd3991ce7,yuxuan-dev,E0
yuxuan/network-analyzer,yuxuan,network-analyzer,docs/task.md,tasks/yuxuan/network-analyzer/docs/task.md,475c6aace9779634e0d255a29084324fd3991ce7,yuxuan-dev,E0
yuxuan/network-analyzer,yuxuan,network-analyzer,evaluation/main.py,tasks/yuxuan/network-analyzer/evaluation/main.py,475c6aace9779634e0d255a29084324fd3991ce7,yuxuan-dev,E0
yuxuan/network-analyzer,yuxuan,network-analyzer,groundtruth_workspace/readme.txt,tasks/yuxuan/network-analyzer/groundtruth_workspace/readme.txt,475c6aace9779634e0d255a29084324fd3991ce7,yuxuan-dev,E0
yuxuan/sync-service,yuxuan,sync-service,docs/agent_system_prompt.md,tasks/yuxuan/sync-service/docs/agent_system_prompt.md,95545290aaf07e58d799fd340d1cbcf8191923cb,yuxuan-dev,E0
yuxuan/sync-service,yuxuan,sync-service,docs/task.md,tasks/yuxuan/sync-service/docs/task.md,95545290aaf07e58d799fd340d1cbcf8191923cb,yuxuan-dev,E0
yuxuan/sync-service,yuxuan,sync-service,evaluation/main.py,tasks/yuxuan/sync-service/evaluation/main.py,95545290aaf07e58d799fd340d1cbcf8191923cb,yuxuan-dev,E0
yuxuan/sync-service,yuxuan,sync-service,groundtruth_workspace/readme.txt,tasks/yuxuan/sync-service/groundtruth_workspace/readme.txt,95545290aaf07e58d799fd340d1cbcf8191923cb,yuxuan-dev,E0
yuxuan/task-scheduler,yuxuan,task-scheduler,docs/agent_system_prompt.md,tasks/yuxuan/task-scheduler/docs/agent_system_prompt.md,ecf519163efd7a2abd5696e5d6e9ccc00f06b93e,yuxuan-dev,E0
yuxuan/task-scheduler,yuxuan,task-scheduler,docs/task.md,tasks/yuxuan/task-scheduler/docs/task.md,ecf519163efd7a2abd5696e5d6e9ccc00f06b93e,yuxuan-dev,E0
yuxuan/task-scheduler,yuxuan,task-scheduler,evaluation/main.py,tasks/yuxuan/task-scheduler/evaluation/main.py,ecf519163efd7a2abd5696e5d6e9ccc00f06b93e,yuxuan-dev,E0
yuxuan/task-scheduler,yuxuan,task-scheduler,groundtruth_workspace/readme.txt,tasks/yuxuan/task-scheduler/groundtruth_workspace/readme.txt,ecf519163efd7a2abd5696e5d6e9ccc00f06b93e,yuxuan-dev,E0
yuzhen/audit-logger,yuzhen,audit-logger,docs/agent_system_prompt.md,tasks/finalpool/yuzhen/audit-logger/docs/agent_system_prompt.md,9cd8978d3bead611670cbc569a0a3371e3b97037,finalpool,E0
yuzhen/audit-logger,yuzhen,audit-logger,docs/task.md,tasks/finalpool/yuzhen/audit-logger/docs/task.md,9cd8978d3bead611670cbc569a0a3371e3b97037,finalpool,E0
yuzhen/audit-logger,yuzhen,audit-logger,evaluation/main.py,tasks/finalpool/yuzhen/audit-logger/evaluation/main.py,9cd8978d3bead611670cbc569a0a3371e3b97037,finalpool,E0
yuzhen/audit-logger,yuzhen,audit-logger,groundtruth_workspace/readme.txt,tasks/finalpool/yuzhen/audit-logger/groundtruth_workspace/readme.txt,9cd8978d3bead611670cbc569a0a3371e3b97037,finalpool,E0
yuzhen/invoice-generator,yuzhen,invoice-generator,docs/agent_system_prompt.md,tasks/yuzhen/invoice-generator/docs/agent_system_prompt.md,69fd1bdd49e85c238fadc412466f3eca1a725607,yuzhen-dev,E0
yuzhen/invoice-generator,yuzhen,invoice-generator,docs/task.md,tasks/yuzhen/invoice-generator/docs/task.md,69fd1bdd49e85c238fadc412466f3eca1a725607,yuzhen-dev,E0
yuzhen/invoice-generator,yuzhen,invoice-generator,evaluation/main.py,tasks/yuzhen/invoice-generator/evaluation/main.py,69fd1bdd49e85c238fadc412466f3eca1a725607,yuzhen-dev,E0
yuzhen/invoice-generator,yuzhen,invoice-generator,groundtruth_workspace/readme.txt,tasks/yuzhen/invoice-generator/groundtruth_workspace/readme.txt,69fd1bdd49e85c238fadc412466f3eca1a725607,yuzhen-dev,E0
yuzhen/payment-processor,yuzhen,payment-processor,docs/agent_system_prompt.md,tasks/finalpool/yuzhen/payment-processor/docs/agent_system_prompt.md,45a3c376417d1ab325a80cb875cd95c48bb01527,finalpool,E0
yuzhen/payment-processor,yuzhen,payment-processor,docs/task.md,tasks/finalpool/yuzhen/payment-processor/docs/task.md,45a3c376417d1ab325a80cb875cd95c48bb01527,finalpool,E0
yuzhen/payment-processor,yuzhen,payment-processor,evaluation/main.py,tasks/finalpool/yuzhen/payment-processor/evaluation/main.py,45a3c376417d1ab325a80cb875cd95c48bb01527,finalpool,E0
yuzhen/payment-processor,yuzhen,payment-processor,groundtruth_workspace/readme.txt,tasks/finalpool/yuzhen/payment-processor/groundtruth_workspace/readme.txt,45a3c376417d1ab325a80cb875cd95c48bb01527,finalpool,E0
yuzhen/permission-manager,yuzhen,permission-manager,docs/agent_system_prompt.md,tasks/yuzhen/permission-manager/docs/agent_system_prompt.md,4792e35e463a77a293db4c1c12e87bca94e20243,yuzhen-dev,E0
yuzhen/permission-manager,yuzhen,permission-manager,docs/task.md,tasks/yuzhen/permission-manager/docs/task.md,4792e35e463a77a293db4c1c12e87bca94e20243,yuzhen-dev,E0
yuzhen/permission-manager,yuzhen,permission-manager,evaluation/main.py,tasks/yuzhen/permission-manager/evaluation/main.py,4792e35e463a77a293db4c1c12e87bca94e20243,yuzhen-dev,E0
yuzhen/permission-manager,yuzhen,permission-manager,groundtruth_workspace/readme.txt,tasks/yuzhen/permission-manager/groundtruth_workspace/readme.txt,4792e35e463a77a293db4c1c12e87bca94e20243,yuzhen-dev,E0
yuzhen/resource-monitor,yuzhen,resource-monitor,docs/agent_system_prompt.md,tasks/finalpool/yuzhen/resource-monitor/docs/agent_system_prompt.md,9179b5c5ec6cb4a23c4f546d89925b693fcec24f,finalpool,E0
yuzhen/resource-monitor,yuzhen,resource-monitor,docs/task.md,tasks/finalpool/yuzhen/resource-monitor/docs/task.md,9179b5c5ec6cb4a23c4f546d89925b693fcec24f,finalpool,E0
yuzhen/resource-monitor,yuzhen,resource-monitor,evaluation/main.py,tasks/finalpool/yuzhen/resource-monitor/evaluation/main.py,9179b5c5ec6cb4a23c4f546d89925b693fcec24f,finalpool,E0
yuzhen/resource-monitor,yuzhen,resource-monitor,groundtruth_workspace/readme.txt,tasks/finalpool/yuzhen/resource-monitor/groundtruth_workspace/readme.txt,9179b5c5ec6cb4a23c4f546d89925b693fcec24f,finalpool,E0
yuzhen/session-handler,yuzhen,session-handler,docs/agent_system_prompt.md,tasks/finalpool/yuzhen/session-handler/docs/agent_system_prompt.md,f5436e0d1cf922f9219c495cd956261580c9268f,finalpool,E0
yuzhen/session-handler,yuzhen,session-handler,docs/task.md,tasks/finalpool/yuzhen/session-handler/docs/task.md,f5436e0d1cf922f9219c495cd956261580c9268f,finalpool,E0
yuzhen/session-handler,yuzhen,session-handler,evaluation/main.py,tasks/finalpool/yuzhen/session-handler/evaluation/main.py,f5436e0d1cf922f9219c495cd956261580c9268f,finalpool,E0
yuzhen/session-handler,yuzhen,session-handler,groundtruth_workspace/readme.txt,tasks/finalpool/yuzhen/session-handler/groundtruth_workspace/readme.txt,f5436e0d1cf922f9219c495cd956261580c9268f,finalpool,E0
zhaochen/api-tester,zhaochen,api-tester,docs/agent_system_prompt.md,tasks/finalpool/zhaochen/api-tester/docs/agent_system_prompt.md,261e68ac732a27418e59b900c6911db67931256c,finalpool,E0
zhaochen/api-tester,zhaochen,api-tester,docs/task.md,tasks/finalpool/zhaochen/api-tester/docs/task.md,261e68ac732a27418e59b900c6911db67931256c,finalpool,E0
zhaochen/api-tester,zhaochen,api-tester,evaluation/main.py,tasks/finalpool/zhaochen/api-tester/evaluation/main.py,261e68ac732a27418e59b900c6911db67931256c,finalpool,E0
zhaochen/api-tester,zhaochen,api-tester,groundtruth_workspace/readme.txt,tasks/finalpool/zhaochen/api-tester/groundtruth_workspace/readme.txt,261e68ac732a27418e59b900c6911db67931256c,finalpool,E0
zhaochen/markdown-converter,zhaochen,markdown-converter,docs/agent_system_prompt.md,tasks/finalpool/zhaochen/markdown-converter/docs/agent_system_prompt.md,36b4757f4d71d99b7fe52d971b913f60539f802b,finalpool,E0
zhaochen/markdown-converter,zhaochen,markdown-converter,docs/task.md,tasks/finalpool/zhaochen/markdown-converter/docs/task.md,36b4757f4d71d99b7fe52d971b913f60539f802b,finalpool,E0
zhaochen/markdown-converter,zhaochen,markdown-converter,evaluation/main.py,tasks/finalpool/zhaochen/markdown-converter/evaluation/main.py,36b4757f4d71d99b7fe52d971b913f60539f802b,finalpool,E0
zhaochen/markdown-converter,zhaochen,markdown-converter,groundtruth_workspace/readme.txt,tasks/finalpool/zhaochen/markdown-converter/groundtruth_workspace/readme.txt,36b4757f4d71d99b7fe52d971b913f60539f802b,finalpool,E0
zhaochen/proxy-server,zhaochen,proxy-server,docs/agent_system_prompt.md,tasks/finalpool/zhaochen/proxy-server/docs/agent_system_prompt.md,fd647b60cc00986cab3012051af60a6f6d33a559,finalpool,E0
zhaochen/proxy-server,zhaochen,proxy-server,docs/task.md,tasks/finalpool/zhaochen/proxy-server/docs/task.md,fd647b60cc00986cab3012051af60a6f6d33a559,finalpool,E0
zhaochen/proxy-server,zhaochen,proxy-server,evaluation/main.py,tasks/finalpool/zhaochen/proxy-server/evaluation/main.py,fd647b60cc00986cab3012051af60a6f6d33a559,finalpool,E0
zhaochen/proxy-server,zhaochen,proxy-server,groundtruth_workspace/readme.txt,tasks/finalpool/zhaochen/proxy-server/groundtruth_workspace/readme.txt,fd647b60cc00986cab3012051af60a6f6d33a559,finalpool,E0
zhaochen/template-engine,zhaochen,template-engine,docs/agent_system_prompt.md,tasks/zhaochen/template-engine/docs/agent_system_prompt.md,3a70b017b72635110e7f8d28171d711412a14e69,zhaochen,E0
zhaochen/template-engine,zhaochen,template-engine,docs/task.md,tasks/zhaochen/template-engine/docs/task.md,3a70b017b72635110e7f8d28171d711412a14e69,zhaochen,E0
zhaochen/template-engine,zhaochen,template-engine,evaluation/main.py,tasks/zhaochen/template-engine/evaluation/main.py,3a70b017b72635110e7f8d28171d711412a14e69,zhaochen,E0
zhaochen/template-engine,zhaochen,template-engine,groundtruth_workspace/readme.txt,tasks/zhaochen/template-engine/groundtruth_workspace/readme.txt,3a70b017b72635110e7f8d28171d711412a14e69,zhaochen,E0
